{"class_name": "Sequential", "config": {"name": "sequential_2", "layers": [{"module": "keras.layers", "class_name": "InputLayer", "config": {"batch_input_shape": [null, 21, 2, 1], "dtype": "float32", "sparse": false, "ragged": false, "name": "conv2d_2_input"}, "registered_name": null}, {"module": "keras.layers", "class_name": "Conv2D", "config": {"name": "conv2d_2", "trainable": false, "dtype": "float32", "batch_input_shape": [null, 21, 2, 1], "filters": 16, "kernel_size": [5, 1], "strides": [1, 1], "padding": "same", "data_format": "channels_last", "dilation_rate": [1, 1], "groups": 1, "activation": "relu", "use_bias": true, "kernel_initializer": {"module": "keras.initializers", "class_name": "GlorotUniform", "config": {"seed": null}, "registered_name": null}, "bias_initializer": {"module": "keras.initializers", "class_name": "Zeros", "config": {}, "registered_name": null}, "kernel_regularizer": null, "bias_regularizer": null, "activity_regularizer": null, "kernel_constraint": null, "bias_constraint": null}, "registered_name": null, "build_config": {"input_shape": [null, 21, 2, 1]}}, {"module": "keras.layers", "class_name": "Dropout", "config": {"name": "dropout_4", "trainable": false, "dtype": "float32", "rate": 0.3, "noise_shape": null, "seed": null}, "registered_name": null, "build_config": {"input_shape": [null, 21, 2, 16]}}, {"module": "keras.layers", "class_name": "Flatten", "config": {"name": "flatten_2", "trainable": false, "dtype": "float32", "data_format": "channels_last"}, "registered_name": null, "build_config": {"input_shape": [null, 21, 2, 16]}}, {"module": "keras.layers", "class_name": "Dense", "config": {"name": "dense_3", "trainable": true, "dtype": "float32", "units": 32, "activation": "relu", "use_bias": true, "kernel_initializer": {"module": "keras.initializers", "class_name": "GlorotUniform", "config": {"seed": null}, "registered_name": null}, "bias_initializer": {"module": "keras.initializers", "class_name": "Zeros", "config": {}, "registered_name": null}, "kernel_regularizer": null, "bias_regularizer": null, "activity_regularizer": null, "kernel_constraint": null, "bias_constraint": null}, "registered_name": null, "build_config": {"input_shape": [null, 672]}}, {"module": "keras.layers", "class_name": "Dropout", "config": {"name": "dropout_5", "trainable": true, "dtype": "float32", "rate": 0.3, "noise_shape": null, "seed": null}, "registered_name": null, "build_config": {"input_shape": [null, 32]}}, {"module": "keras.layers", "class_name": "Dense", "config": {"name": "dense_4", "trainable": true, "dtype": "float32", "units": 6, "activation": "softmax", "use_bias": true, "kernel_initializer": {"module": "keras.initializers", "class_name": "GlorotUniform", "config": {"seed": null}, "registered_name": null}, "bias_initializer": {"module": "keras.initializers", "class_name": "Zeros", "config": {}, "registered_name": null}, "kernel_regularizer": null, "bias_regularizer": null, "activity_regularizer": null, "kernel_constraint": null, "bias_constraint": null}, "registered_name": null, "build_config": {"input_shape": [null, 32]}}]}, "keras_version": "2.15.0", "backend": "tensorflow"}